{
    "accuracy": [
        0.8788343667984009,
        0.9171779155731201,
        0.9248466491699219,
        0.9288727045059204,
        0.9330905079841614
    ],
    "val_accuracy": [
        0.875,
        0.875,
        0.9375,
        0.8125,
        0.875
    ],
    "loss": [
        0.28264591097831726,
        0.20252378284931183,
        0.18417374789714813,
        0.17562037706375122,
        0.1687016785144806
    ],
    "val_loss": [
        0.30271726846694946,
        0.29681771993637085,
        0.22526521980762482,
        0.266929030418396,
        0.24243943393230438
    ],
    "test_accuracy": 0.9022436141967773,
    "test_loss": 0.23574817180633545,
    "epochs_trained": 5,
    "batch_size": 16,
    "learning_rate": 0.001,
    "cpu_cores": 8,
    "total_training_time_minutes": 18.048216772079467
}